publisher,institution,programme_id,programme_label,programme_sort,ranking_name,rank_type,rank_type_label,scope_label,edition_year,rank_numeric,rank_display,data_status,rank_direction,series_key,is_latest_available,latest_available_year,ebs_inclusion_status,source_url,source_file,evidence_status,verified_at,notes
Financial Times,ESMT Berlin,full_time_mba,Full-time MBA,1,European Business Schools,european_component,European component rank,European schools only (EBS component),2021,22,#22,ranked,lower_is_better,FT|full_time_mba|european_component,False,2025,included,https://www.ft.com/content/10324e20-ae74-417d-bc48-4a32ecc23137,09-FT_Germany_Peer_Analysis_2021_2025.xlsx,derived_from_official_ft_exports,2026-08-20,Historical European component retained from the verified 2021–2025 panel.
Financial Times,ESMT Berlin,full_time_mba,Full-time MBA,1,European Business Schools,european_component,European component rank,European schools only (EBS component),2022,23,#23,ranked,lower_is_better,FT|full_time_mba|european_component,False,2025,included,https://www.ft.com/content/10324e20-ae74-417d-bc48-4a32ecc23137,09-FT_Germany_Peer_Analysis_2021_2025.xlsx,derived_from_official_ft_exports,2026-08-20,Historical European component retained from the verified 2021–2025 panel.
Financial Times,ESMT Berlin,full_time_mba,Full-time MBA,1,European Business Schools,european_component,European component rank,European schools only (EBS component),2023,,Not ranked,not_ranked,lower_is_better,FT|full_time_mba|european_component,False,2025,included,https://www.ft.com/content/10324e20-ae74-417d-bc48-4a32ecc23137,09-FT_Germany_Peer_Analysis_2021_2025.xlsx,derived_from_official_ft_exports,2026-08-20,Historical European component retained from the verified 2021–2025 panel. ESMT has no component rank for this edition; the gap is intentional.
Financial Times,ESMT Berlin,full_time_mba,Full-time MBA,1,European Business Schools,european_component,European component rank,European schools only (EBS component),2024,,Not ranked,not_ranked,lower_is_better,FT|full_time_mba|european_component,False,2025,included,https://www.ft.com/content/10324e20-ae74-417d-bc48-4a32ecc23137,09-FT_Germany_Peer_Analysis_2021_2025.xlsx,derived_from_official_ft_exports,2026-08-20,Historical European component retained from the verified 2021–2025 panel. ESMT has no component rank for this edition; the gap is intentional.
Financial Times,ESMT Berlin,full_time_mba,Full-time MBA,1,European Business Schools,european_component,European component rank,European schools only (EBS component),2025,26,#26,ranked,lower_is_better,FT|full_time_mba|european_component,True,2025,included,https://www.ft.com/content/10324e20-ae74-417d-bc48-4a32ecc23137,06-export-ranking-european-business-school-rankings-2025-1785929159965.xlsx,official_attached_export,2026-08-20,Published FT European component used in the 2025 EBS composite.
Financial Times,ESMT Berlin,full_time_mba,Full-time MBA,1,Global MBA,global_programme,Global programme rank,Global ranking,2024,,Not ranked,not_ranked,lower_is_better,FT|full_time_mba|global_programme,False,2026,included,https://rankings.ft.com/schools/452/european-school-of-management-and-technology/rankings/3006/mba-2026/ranking-data,,official_page_explicit_missing,2026-08-20,Official FT page shows Rank in 2024 as a dash.
Financial Times,ESMT Berlin,full_time_mba,Full-time MBA,1,Global MBA,global_programme,Global programme rank,Global ranking,2025,80,#80,ranked,lower_is_better,FT|full_time_mba|global_programme,False,2026,included,https://rankings.ft.com/schools/452/european-school-of-management-and-technology/rankings/3006/mba-2026/ranking-data,,official_ranking_page_previous_rank,2026-08-20,Previous rank shown on the official 2026 FT page.
Financial Times,ESMT Berlin,full_time_mba,Full-time MBA,1,Global MBA,global_programme,Global programme rank,Global ranking,2026,79,#79,ranked,lower_is_better,FT|full_time_mba|global_programme,True,2026,included,https://rankings.ft.com/schools/452/european-school-of-management-and-technology/rankings/3006/mba-2026/ranking-data,,official_ranking_page,2026-08-20,Current Global MBA rank.
Financial Times,ESMT Berlin,online_mba,Online MBA,2,Online MBA,global_programme,Global programme rank,Global ranking,2025,,Not ranked,not_ranked,lower_is_better,FT|online_mba|global_programme,False,2026,not_included,https://rankings.ft.com/rankings/2998/online-mba-2025,,official_published_table_absence,2026-08-20,ESMT is not listed in the official 2025 table.
Financial Times,ESMT Berlin,online_mba,Online MBA,2,Online MBA,global_programme,Global programme rank,Global ranking,2026,17,#17,ranked,lower_is_better,FT|online_mba|global_programme,True,2026,not_included,https://rankings.ft.com/rankings/3007/online-mba-2026,,official_ranking_table,2026-08-20,Current Online MBA rank. Online MBA is not part of the EBS composite.
Financial Times,ESMT Berlin,executive_mba,Executive MBA,3,European Business Schools,european_component,European component rank,European schools only (EBS component),2021,19,#19,ranked,lower_is_better,FT|executive_mba|european_component,False,2025,included,https://www.ft.com/content/10324e20-ae74-417d-bc48-4a32ecc23137,09-FT_Germany_Peer_Analysis_2021_2025.xlsx,derived_from_official_ft_exports,2026-08-20,Historical European component retained from the verified 2021–2025 panel.
Financial Times,ESMT Berlin,executive_mba,Executive MBA,3,European Business Schools,european_component,European component rank,European schools only (EBS component),2022,23,#23,ranked,lower_is_better,FT|executive_mba|european_component,False,2025,included,https://www.ft.com/content/10324e20-ae74-417d-bc48-4a32ecc23137,09-FT_Germany_Peer_Analysis_2021_2025.xlsx,derived_from_official_ft_exports,2026-08-20,Historical European component retained from the verified 2021–2025 panel.
Financial Times,ESMT Berlin,executive_mba,Executive MBA,3,European Business Schools,european_component,European component rank,European schools only (EBS component),2023,22,#22,ranked,lower_is_better,FT|executive_mba|european_component,False,2025,included,https://www.ft.com/content/10324e20-ae74-417d-bc48-4a32ecc23137,09-FT_Germany_Peer_Analysis_2021_2025.xlsx,derived_from_official_ft_exports,2026-08-20,Historical European component retained from the verified 2021–2025 panel.
Financial Times,ESMT Berlin,executive_mba,Executive MBA,3,European Business Schools,european_component,European component rank,European schools only (EBS component),2024,25,#25,ranked,lower_is_better,FT|executive_mba|european_component,False,2025,included,https://www.ft.com/content/10324e20-ae74-417d-bc48-4a32ecc23137,09-FT_Germany_Peer_Analysis_2021_2025.xlsx,derived_from_official_ft_exports,2026-08-20,Historical European component retained from the verified 2021–2025 panel.
Financial Times,ESMT Berlin,executive_mba,Executive MBA,3,European Business Schools,european_component,European component rank,European schools only (EBS component),2025,26,#26,ranked,lower_is_better,FT|executive_mba|european_component,True,2025,included,https://www.ft.com/content/10324e20-ae74-417d-bc48-4a32ecc23137,06-export-ranking-european-business-school-rankings-2025-1785929159965.xlsx,official_attached_export,2026-08-20,Published FT European component used in the 2025 EBS composite.
Financial Times,ESMT Berlin,executive_mba,Executive MBA,3,Executive MBA,global_programme,Global programme rank,Global ranking,2023,38,#38,ranked,lower_is_better,FT|executive_mba|global_programme,False,2025,included,https://rankings.ft.com/schools/452/european-school-of-management-and-technology/rankings/3005/emba-2025/ranking-data,,official_ranking_page_previous_rank,2026-08-20,Previous rank shown on the official 2025 FT page.
Financial Times,ESMT Berlin,executive_mba,Executive MBA,3,Executive MBA,global_programme,Global programme rank,Global ranking,2024,45,#45,ranked,lower_is_better,FT|executive_mba|global_programme,False,2025,included,https://rankings.ft.com/schools/452/european-school-of-management-and-technology/rankings/3005/emba-2025/ranking-data,,official_ranking_page_previous_rank,2026-08-20,Previous rank shown on the official 2025 FT page.
Financial Times,ESMT Berlin,executive_mba,Executive MBA,3,Executive MBA,global_programme,Global programme rank,Global ranking,2025,42,#42,ranked,lower_is_better,FT|executive_mba|global_programme,True,2025,included,https://rankings.ft.com/schools/452/european-school-of-management-and-technology/rankings/3005/emba-2025/ranking-data,,official_ranking_page,2026-08-20,Latest available Executive MBA rank as of verification date.
Financial Times,ESMT Berlin,master_in_global_management,Master in Global Management,4,European Business Schools,european_component,European component rank,European schools only (EBS component),2021,12,#12,ranked,lower_is_better,FT|master_in_global_management|european_component,False,2025,included,https://www.ft.com/content/10324e20-ae74-417d-bc48-4a32ecc23137,09-FT_Germany_Peer_Analysis_2021_2025.xlsx,derived_from_official_ft_exports,2026-08-20,Historical European component retained from the verified 2021–2025 panel.
Financial Times,ESMT Berlin,master_in_global_management,Master in Global Management,4,European Business Schools,european_component,European component rank,European schools only (EBS component),2022,10,#10,ranked,lower_is_better,FT|master_in_global_management|european_component,False,2025,included,https://www.ft.com/content/10324e20-ae74-417d-bc48-4a32ecc23137,09-FT_Germany_Peer_Analysis_2021_2025.xlsx,derived_from_official_ft_exports,2026-08-20,Historical European component retained from the verified 2021–2025 panel.
Financial Times,ESMT Berlin,master_in_global_management,Master in Global Management,4,European Business Schools,european_component,European component rank,European schools only (EBS component),2023,18,#18,ranked,lower_is_better,FT|master_in_global_management|european_component,False,2025,included,https://www.ft.com/content/10324e20-ae74-417d-bc48-4a32ecc23137,09-FT_Germany_Peer_Analysis_2021_2025.xlsx,derived_from_official_ft_exports,2026-08-20,Historical European component retained from the verified 2021–2025 panel.
Financial Times,ESMT Berlin,master_in_global_management,Master in Global Management,4,European Business Schools,european_component,European component rank,European schools only (EBS component),2024,17,#17,ranked,lower_is_better,FT|master_in_global_management|european_component,False,2025,included,https://www.ft.com/content/10324e20-ae74-417d-bc48-4a32ecc23137,09-FT_Germany_Peer_Analysis_2021_2025.xlsx,derived_from_official_ft_exports,2026-08-20,Historical European component retained from the verified 2021–2025 panel.
Financial Times,ESMT Berlin,master_in_global_management,Master in Global Management,4,European Business Schools,european_component,European component rank,European schools only (EBS component),2025,18,#18,ranked,lower_is_better,FT|master_in_global_management|european_component,True,2025,included,https://www.ft.com/content/10324e20-ae74-417d-bc48-4a32ecc23137,06-export-ranking-european-business-school-rankings-2025-1785929159965.xlsx,official_attached_export,2026-08-20,Published FT European component used in the 2025 EBS composite.
Financial Times,ESMT Berlin,master_in_global_management,Master in Global Management,4,Masters in Management,global_programme,Global programme rank,Global ranking,2023,20,#20,ranked,lower_is_better,FT|master_in_global_management|global_programme,False,2025,included,https://rankings.ft.com/schools/452/european-school-of-management-and-technology/rankings/3004/masters-in-management-2025/ranking-data,,official_ranking_page_previous_rank,2026-08-20,Previous rank shown on the official 2025 FT page.
Financial Times,ESMT Berlin,master_in_global_management,Master in Global Management,4,Masters in Management,global_programme,Global programme rank,Global ranking,2024,19,#19,ranked,lower_is_better,FT|master_in_global_management|global_programme,False,2025,included,https://rankings.ft.com/schools/452/european-school-of-management-and-technology/rankings/3004/masters-in-management-2025/ranking-data,,official_ranking_page_previous_rank,2026-08-20,Previous rank shown on the official 2025 FT page.
Financial Times,ESMT Berlin,master_in_global_management,Master in Global Management,4,Masters in Management,global_programme,Global programme rank,Global ranking,2025,22,#22,ranked,lower_is_better,FT|master_in_global_management|global_programme,True,2025,included,https://rankings.ft.com/schools/452/european-school-of-management-and-technology/rankings/3004/masters-in-management-2025/ranking-data,,official_ranking_page,2026-08-20,Latest available Masters in Management rank as of verification date.
Financial Times,ESMT Berlin,executive_education_open,Executive Education — Open,5,European Business Schools,european_component,European component rank,European schools only (EBS component),2021,5,#5,ranked,lower_is_better,FT|executive_education_open|european_component,False,2025,included,https://www.ft.com/content/10324e20-ae74-417d-bc48-4a32ecc23137,09-FT_Germany_Peer_Analysis_2021_2025.xlsx,derived_from_official_ft_exports,2026-08-20,Historical European component retained from the verified 2021–2025 panel.
Financial Times,ESMT Berlin,executive_education_open,Executive Education — Open,5,European Business Schools,european_component,European component rank,European schools only (EBS component),2022,10,#10,ranked,lower_is_better,FT|executive_education_open|european_component,False,2025,included,https://www.ft.com/content/10324e20-ae74-417d-bc48-4a32ecc23137,09-FT_Germany_Peer_Analysis_2021_2025.xlsx,derived_from_official_ft_exports,2026-08-20,Historical European component retained from the verified 2021–2025 panel.
Financial Times,ESMT Berlin,executive_education_open,Executive Education — Open,5,European Business Schools,european_component,European component rank,European schools only (EBS component),2023,16,#16,ranked,lower_is_better,FT|executive_education_open|european_component,False,2025,included,https://www.ft.com/content/10324e20-ae74-417d-bc48-4a32ecc23137,09-FT_Germany_Peer_Analysis_2021_2025.xlsx,derived_from_official_ft_exports,2026-08-20,Historical European component retained from the verified 2021–2025 panel.
Financial Times,ESMT Berlin,executive_education_open,Executive Education — Open,5,European Business Schools,european_component,European component rank,European schools only (EBS component),2024,15,#15,ranked,lower_is_better,FT|executive_education_open|european_component,False,2025,included,https://www.ft.com/content/10324e20-ae74-417d-bc48-4a32ecc23137,09-FT_Germany_Peer_Analysis_2021_2025.xlsx,derived_from_official_ft_exports,2026-08-20,Historical European component retained from the verified 2021–2025 panel.
Financial Times,ESMT Berlin,executive_education_open,Executive Education — Open,5,European Business Schools,european_component,European component rank,European schools only (EBS component),2025,12,#12,ranked,lower_is_better,FT|executive_education_open|european_component,True,2025,included,https://www.ft.com/content/10324e20-ae74-417d-bc48-4a32ecc23137,06-export-ranking-european-business-school-rankings-2025-1785929159965.xlsx,official_attached_export,2026-08-20,Published FT European component used in the 2025 EBS composite.
Financial Times,ESMT Berlin,executive_education_open,Executive Education — Open,5,Executive Education Open,global_programme,Global programme rank,Global ranking,2025,13,#13,ranked,lower_is_better,FT|executive_education_open|global_programme,False,2026,included,https://rankings.ft.com/rankings/3001/executive-education-open-2025,,official_ranking_table,2026-08-20,Global open-enrolment rank; the 2025 European component is #12.
Financial Times,ESMT Berlin,executive_education_open,Executive Education — Open,5,Executive Education Open,global_programme,Global programme rank,Global ranking,2026,9,#9,ranked,lower_is_better,FT|executive_education_open|global_programme,True,2026,included,https://rankings.ft.com/rankings/3040/executive-education-open-2026,,official_ranking_table,2026-08-20,Current global open-enrolment rank.
Financial Times,ESMT Berlin,executive_education_custom,Executive Education — Custom,6,European Business Schools,european_component,European component rank,European schools only (EBS component),2021,12,#12,ranked,lower_is_better,FT|executive_education_custom|european_component,False,2025,included,https://www.ft.com/content/10324e20-ae74-417d-bc48-4a32ecc23137,09-FT_Germany_Peer_Analysis_2021_2025.xlsx,derived_from_official_ft_exports,2026-08-20,Historical European component retained from the verified 2021–2025 panel.
Financial Times,ESMT Berlin,executive_education_custom,Executive Education — Custom,6,European Business Schools,european_component,European component rank,European schools only (EBS component),2022,9,#9,ranked,lower_is_better,FT|executive_education_custom|european_component,False,2025,included,https://www.ft.com/content/10324e20-ae74-417d-bc48-4a32ecc23137,09-FT_Germany_Peer_Analysis_2021_2025.xlsx,derived_from_official_ft_exports,2026-08-20,Historical European component retained from the verified 2021–2025 panel.
Financial Times,ESMT Berlin,executive_education_custom,Executive Education — Custom,6,European Business Schools,european_component,European component rank,European schools only (EBS component),2023,4,#4,ranked,lower_is_better,FT|executive_education_custom|european_component,False,2025,included,https://www.ft.com/content/10324e20-ae74-417d-bc48-4a32ecc23137,09-FT_Germany_Peer_Analysis_2021_2025.xlsx,derived_from_official_ft_exports,2026-08-20,Historical European component retained from the verified 2021–2025 panel.
Financial Times,ESMT Berlin,executive_education_custom,Executive Education — Custom,6,European Business Schools,european_component,European component rank,European schools only (EBS component),2024,7,#7,ranked,lower_is_better,FT|executive_education_custom|european_component,False,2025,included,https://www.ft.com/content/10324e20-ae74-417d-bc48-4a32ecc23137,09-FT_Germany_Peer_Analysis_2021_2025.xlsx,derived_from_official_ft_exports,2026-08-20,Historical European component retained from the verified 2021–2025 panel.
Financial Times,ESMT Berlin,executive_education_custom,Executive Education — Custom,6,European Business Schools,european_component,European component rank,European schools only (EBS component),2025,4,#4,ranked,lower_is_better,FT|executive_education_custom|european_component,True,2025,included,https://www.ft.com/content/10324e20-ae74-417d-bc48-4a32ecc23137,06-export-ranking-european-business-school-rankings-2025-1785929159965.xlsx,official_attached_export,2026-08-20,Published FT European component used in the 2025 EBS composite.
Financial Times,ESMT Berlin,executive_education_custom,Executive Education — Custom,6,Executive Education Custom,global_programme,Global programme rank,Global ranking,2025,4,#4,ranked,lower_is_better,FT|executive_education_custom|global_programme,False,2026,included,https://rankings.ft.com/rankings/3000/executive-education-custom-2025,,official_ranking_table,2026-08-20,Global customised-programmes rank.
Financial Times,ESMT Berlin,executive_education_custom,Executive Education — Custom,6,Executive Education Custom,global_programme,Global programme rank,Global ranking,2026,5,#5,ranked,lower_is_better,FT|executive_education_custom|global_programme,True,2026,included,https://rankings.ft.com/rankings/3041/executive-education-custom-2026,,official_ranking_table,2026-08-20,Current global customised-programmes rank.
